<?xml version="1.0"?>
<Locations>
  <Project>
    <vfs_file>/Users/Freddie/Documents/ANU/2310/lab/week5/Concurrent_Mergesort/concurrent_mergesort.gpr</vfs_file>
    <file_marker column=" 1" line=" 1" >
      <vfs_project>/Users/Freddie/Documents/ANU/2310/lab/week5/Concurrent_Mergesort/concurrent_mergesort.gpr</vfs_project>
      <vfs_file>/Users/Freddie/Documents/ANU/2310/lab/week5/Concurrent_Mergesort/Sources/test_concurrent_mergesort.adb</vfs_file>
    </file_marker>
    <file_marker column=" 1" line=" 1" >
      <vfs_project>/Users/Freddie/Documents/ANU/2310/lab/week5/Concurrent_Mergesort/concurrent_mergesort.gpr</vfs_project>
      <vfs_file>/Users/Freddie/Documents/ANU/2310/lab/week5/Concurrent_Mergesort/Sources/concurrent_mergesort.adb</vfs_file>
    </file_marker>
    <file_marker column=" 1" line=" 1" >
      <vfs_project>/Users/Freddie/Documents/ANU/2310/lab/week5/Concurrent_Mergesort/concurrent_mergesort.gpr</vfs_project>
      <vfs_file>/Users/Freddie/Documents/ANU/2310/lab/week5/Concurrent_Mergesort/Sources/concurrent_mergesort.ads</vfs_file>
    </file_marker>
    <file_marker column=" 1" line=" 1" >
      <vfs_project>/Users/Freddie/Documents/ANU/2310/lab/week5/Concurrent_Mergesort/concurrent_mergesort.gpr</vfs_project>
      <vfs_file>/Users/Freddie/Documents/ANU/2310/lab/week5/Concurrent_Mergesort/Sources/cpu_counter.adb</vfs_file>
    </file_marker>
    <file_marker column=" 1" line=" 1" >
      <vfs_project>/Users/Freddie/Documents/ANU/2310/lab/week5/Concurrent_Mergesort/concurrent_mergesort.gpr</vfs_project>
      <vfs_file>/Users/Freddie/Documents/ANU/2310/lab/week5/Concurrent_Mergesort/Sources/cpu_counter.ads</vfs_file>
    </file_marker>
    <file_marker column=" 1" line=" 1" >
      <vfs_project>/Users/Freddie/Documents/ANU/2310/lab/week5/Concurrent_Mergesort/concurrent_mergesort.gpr</vfs_project>
      <vfs_file>/Users/Freddie/Documents/ANU/2310/lab/week5/Concurrent_Mergesort/Sources/sorting_tests.adb</vfs_file>
    </file_marker>
    <file_marker column=" 1" line=" 1" >
      <vfs_project>/Users/Freddie/Documents/ANU/2310/lab/week5/Concurrent_Mergesort/concurrent_mergesort.gpr</vfs_project>
      <vfs_file>/Users/Freddie/Documents/ANU/2310/lab/week5/Concurrent_Mergesort/Sources/sorting_tests.ads</vfs_file>
    </file_marker>
    <file_marker column=" 1" line=" 1" >
      <vfs_project>/Users/Freddie/Documents/ANU/2310/lab/week5/Concurrent_Mergesort/concurrent_mergesort.gpr</vfs_project>
      <vfs_file>/Users/Freddie/Documents/ANU/2310/lab/week5/Concurrent_Mergesort/Sources/test_concurrent_mergesort.adb</vfs_file>
    </file_marker>
    <file_marker column=" 1" line=" 1" >
      <vfs_project>/Users/Freddie/Documents/ANU/2310/lab/week5/Concurrent_Mergesort/concurrent_mergesort.gpr</vfs_project>
      <vfs_file>/Users/Freddie/Documents/ANU/2310/lab/week5/Concurrent_Mergesort/Sources/concurrent_mergesort.adb</vfs_file>
    </file_marker>
    <file_marker column=" 1" line=" 1" >
      <vfs_project>/Users/Freddie/Documents/ANU/2310/lab/week5/Concurrent_Mergesort/concurrent_mergesort.gpr</vfs_project>
      <vfs_file>/Users/Freddie/Documents/ANU/2310/lab/week5/Concurrent_Mergesort/Sources/cpu_counter.ads</vfs_file>
    </file_marker>
    <file_marker column=" 1" line=" 1" >
      <vfs_project>/Users/Freddie/Documents/ANU/2310/lab/week5/Concurrent_Mergesort/concurrent_mergesort.gpr</vfs_project>
      <vfs_file>/Users/Freddie/Documents/ANU/2310/lab/week5/Concurrent_Mergesort/Sources/cpu_counter.adb</vfs_file>
    </file_marker>
    <file_marker column=" 1" line=" 1" >
      <vfs_project>/Users/Freddie/Documents/ANU/2310/lab/week5/Concurrent_Mergesort/concurrent_mergesort.gpr</vfs_project>
      <vfs_file>/Users/Freddie/Documents/ANU/2310/lab/week5/Concurrent_Mergesort/Sources/concurrent_mergesort.adb</vfs_file>
    </file_marker>
    <file_marker column=" 42" line=" 51" >
      <vfs_project>/Users/Freddie/Documents/ANU/2310/lab/week5/Concurrent_Mergesort/concurrent_mergesort.gpr</vfs_project>
      <vfs_file>/Users/Freddie/Documents/ANU/2310/lab/week5/Concurrent_Mergesort/Sources/concurrent_mergesort.adb</vfs_file>
    </file_marker>
    <file_marker column=" 1" line=" 1" >
      <vfs_project>/Users/Freddie/Documents/ANU/2310/lab/week5/Concurrent_Mergesort/concurrent_mergesort.gpr</vfs_project>
      <vfs_file>/Users/Freddie/Documents/ANU/2310/lab/week5/Concurrent_Mergesort/Sources/concurrent_mergesort.adb</vfs_file>
    </file_marker>
    <file_marker column=" 1" line=" 1" >
      <vfs_project>/Users/Freddie/Documents/ANU/2310/lab/week5/Concurrent_Mergesort/concurrent_mergesort.gpr</vfs_project>
      <vfs_file>/Users/Freddie/Documents/ANU/2310/lab/week5/Concurrent_Mergesort/Sources/test_concurrent_mergesort.adb</vfs_file>
    </file_marker>
    <file_marker column=" 1" line=" 1" >
      <vfs_project>/Users/Freddie/Documents/ANU/2310/lab/week5/Concurrent_Mergesort/concurrent_mergesort.gpr</vfs_project>
      <vfs_file>/Users/Freddie/Documents/ANU/2310/lab/week5/Concurrent_Mergesort/Sources/concurrent_mergesort.adb</vfs_file>
    </file_marker>
    <file_marker column=" 1" line=" 1" >
      <vfs_project>/Users/Freddie/Documents/ANU/2310/lab/week5/Concurrent_Mergesort/concurrent_mergesort.gpr</vfs_project>
      <vfs_file>/Users/Freddie/Documents/ANU/2310/lab/week5/Concurrent_Mergesort/Sources/test_concurrent_mergesort.adb</vfs_file>
    </file_marker>
    <file_marker column=" 1" line=" 1" >
      <vfs_project>/Users/Freddie/Documents/ANU/2310/lab/week5/Concurrent_Mergesort/concurrent_mergesort.gpr</vfs_project>
      <vfs_file>/Users/Freddie/Documents/ANU/2310/lab/week5/Concurrent_Mergesort/Sources/sorting_tests.ads</vfs_file>
    </file_marker>
    <file_marker column=" 1" line=" 1" >
      <vfs_project>/Users/Freddie/Documents/ANU/2310/lab/week5/Concurrent_Mergesort/concurrent_mergesort.gpr</vfs_project>
      <vfs_file>/Users/Freddie/Documents/ANU/2310/lab/week5/Concurrent_Mergesort/Sources/sorting_tests.adb</vfs_file>
    </file_marker>
    <file_marker column=" 1" line=" 1" >
      <vfs_project>/Users/Freddie/Documents/ANU/2310/lab/week5/Concurrent_Mergesort/concurrent_mergesort.gpr</vfs_project>
      <vfs_file>/Users/Freddie/Documents/ANU/2310/lab/week5/Concurrent_Mergesort/Sources/concurrent_mergesort.adb</vfs_file>
    </file_marker>
    <file_marker column=" 20" line=" 41" >
      <vfs_project>/Users/Freddie/Documents/ANU/2310/lab/week5/Concurrent_Mergesort/concurrent_mergesort.gpr</vfs_project>
      <vfs_file>/Users/Freddie/Documents/ANU/2310/lab/week5/Concurrent_Mergesort/Sources/concurrent_mergesort.adb</vfs_file>
    </file_marker>
    <file_marker column=" 1" line=" 28" >
      <vfs_project>/Users/Freddie/Documents/ANU/2310/lab/week5/Concurrent_Mergesort/concurrent_mergesort.gpr</vfs_project>
      <vfs_file>/Users/Freddie/Documents/ANU/2310/lab/week5/Concurrent_Mergesort/Sources/concurrent_mergesort.adb</vfs_file>
    </file_marker>
    <file_marker column=" 1" line=" 1" >
      <vfs_project>/Users/Freddie/Documents/ANU/2310/lab/week5/Concurrent_Mergesort/concurrent_mergesort.gpr</vfs_project>
      <vfs_file>/Users/Freddie/Documents/ANU/2310/lab/week5/Concurrent_Mergesort/Sources/concurrent_mergesort.adb</vfs_file>
    </file_marker>
    <file_marker column=" 1" line=" 9" >
      <vfs_project>/Users/Freddie/Documents/ANU/2310/lab/week5/Concurrent_Mergesort/concurrent_mergesort.gpr</vfs_project>
      <vfs_file>/Users/Freddie/Documents/ANU/2310/lab/week5/Concurrent_Mergesort/Sources/concurrent_mergesort.adb</vfs_file>
    </file_marker>
    <file_marker column=" 1" line=" 7" >
      <vfs_project>/Users/Freddie/Documents/ANU/2310/lab/week5/Concurrent_Mergesort/concurrent_mergesort.gpr</vfs_project>
      <vfs_file>/Users/Freddie/Documents/ANU/2310/lab/week5/Concurrent_Mergesort/Sources/concurrent_mergesort.adb</vfs_file>
    </file_marker>
    <file_marker column=" 23" line=" 28" >
      <vfs_project>/Users/Freddie/Documents/ANU/2310/lab/week5/Concurrent_Mergesort/concurrent_mergesort.gpr</vfs_project>
      <vfs_file>/Users/Freddie/Documents/ANU/2310/lab/week5/Concurrent_Mergesort/Sources/concurrent_mergesort.adb</vfs_file>
    </file_marker>
    <file_marker column=" 1" line=" 6" >
      <vfs_project>/Users/Freddie/Documents/ANU/2310/lab/week5/Concurrent_Mergesort/concurrent_mergesort.gpr</vfs_project>
      <vfs_file>/Users/Freddie/Documents/ANU/2310/lab/week5/Concurrent_Mergesort/Sources/concurrent_mergesort.adb</vfs_file>
    </file_marker>
    <file_marker column=" 1" line=" 8" >
      <vfs_project>/Users/Freddie/Documents/ANU/2310/lab/week5/Concurrent_Mergesort/concurrent_mergesort.gpr</vfs_project>
      <vfs_file>/Users/Freddie/Documents/ANU/2310/lab/week5/Concurrent_Mergesort/Sources/concurrent_mergesort.adb</vfs_file>
    </file_marker>
    <file_marker column=" 1" line=" 27" >
      <vfs_project>/Users/Freddie/Documents/ANU/2310/lab/week5/Concurrent_Mergesort/concurrent_mergesort.gpr</vfs_project>
      <vfs_file>/Users/Freddie/Documents/ANU/2310/lab/week5/Concurrent_Mergesort/Sources/concurrent_mergesort.adb</vfs_file>
    </file_marker>
    <file_marker column=" 31" line=" 34" >
      <vfs_project>/Users/Freddie/Documents/ANU/2310/lab/week5/Concurrent_Mergesort/concurrent_mergesort.gpr</vfs_project>
      <vfs_file>/Users/Freddie/Documents/ANU/2310/lab/week5/Concurrent_Mergesort/Sources/concurrent_mergesort.adb</vfs_file>
    </file_marker>
    <file_marker column=" 1" line=" 39" >
      <vfs_project>/Users/Freddie/Documents/ANU/2310/lab/week5/Concurrent_Mergesort/concurrent_mergesort.gpr</vfs_project>
      <vfs_file>/Users/Freddie/Documents/ANU/2310/lab/week5/Concurrent_Mergesort/Sources/concurrent_mergesort.adb</vfs_file>
    </file_marker>
    <file_marker column=" 1" line=" 39" >
      <vfs_project>/Users/Freddie/Documents/ANU/2310/lab/week5/Concurrent_Mergesort/concurrent_mergesort.gpr</vfs_project>
      <vfs_file>/Users/Freddie/Documents/ANU/2310/lab/week5/Concurrent_Mergesort/Sources/concurrent_mergesort.adb</vfs_file>
    </file_marker>
    <file_marker column=" 28" line=" 40" >
      <vfs_project>/Users/Freddie/Documents/ANU/2310/lab/week5/Concurrent_Mergesort/concurrent_mergesort.gpr</vfs_project>
      <vfs_file>/Users/Freddie/Documents/ANU/2310/lab/week5/Concurrent_Mergesort/Sources/concurrent_mergesort.adb</vfs_file>
    </file_marker>
    <file_marker column=" 1" line=" 42" >
      <vfs_project>/Users/Freddie/Documents/ANU/2310/lab/week5/Concurrent_Mergesort/concurrent_mergesort.gpr</vfs_project>
      <vfs_file>/Users/Freddie/Documents/ANU/2310/lab/week5/Concurrent_Mergesort/Sources/concurrent_mergesort.adb</vfs_file>
    </file_marker>
    <file_marker column=" 72" line=" 30" >
      <vfs_project>/Users/Freddie/Documents/ANU/2310/lab/week5/Concurrent_Mergesort/concurrent_mergesort.gpr</vfs_project>
      <vfs_file>/Users/Freddie/Documents/ANU/2310/lab/week5/Concurrent_Mergesort/Sources/concurrent_mergesort.adb</vfs_file>
    </file_marker>
    <file_marker column=" 1" line=" 39" >
      <vfs_project>/Users/Freddie/Documents/ANU/2310/lab/week5/Concurrent_Mergesort/concurrent_mergesort.gpr</vfs_project>
      <vfs_file>/Users/Freddie/Documents/ANU/2310/lab/week5/Concurrent_Mergesort/Sources/concurrent_mergesort.adb</vfs_file>
    </file_marker>
    <file_marker column=" 1" line=" 38" >
      <vfs_project>/Users/Freddie/Documents/ANU/2310/lab/week5/Concurrent_Mergesort/concurrent_mergesort.gpr</vfs_project>
      <vfs_file>/Users/Freddie/Documents/ANU/2310/lab/week5/Concurrent_Mergesort/Sources/concurrent_mergesort.adb</vfs_file>
    </file_marker>
    <file_marker column=" 1" line=" 39" >
      <vfs_project>/Users/Freddie/Documents/ANU/2310/lab/week5/Concurrent_Mergesort/concurrent_mergesort.gpr</vfs_project>
      <vfs_file>/Users/Freddie/Documents/ANU/2310/lab/week5/Concurrent_Mergesort/Sources/concurrent_mergesort.adb</vfs_file>
    </file_marker>
    <file_marker column=" 72" line=" 30" >
      <vfs_project>/Users/Freddie/Documents/ANU/2310/lab/week5/Concurrent_Mergesort/concurrent_mergesort.gpr</vfs_project>
      <vfs_file>/Users/Freddie/Documents/ANU/2310/lab/week5/Concurrent_Mergesort/Sources/concurrent_mergesort.adb</vfs_file>
    </file_marker>
    <file_marker column=" 49" line=" 34" >
      <vfs_project>/Users/Freddie/Documents/ANU/2310/lab/week5/Concurrent_Mergesort/concurrent_mergesort.gpr</vfs_project>
      <vfs_file>/Users/Freddie/Documents/ANU/2310/lab/week5/Concurrent_Mergesort/Sources/concurrent_mergesort.adb</vfs_file>
    </file_marker>
    <file_marker column=" 57" line=" 30" >
      <vfs_project>/Users/Freddie/Documents/ANU/2310/lab/week5/Concurrent_Mergesort/concurrent_mergesort.gpr</vfs_project>
      <vfs_file>/Users/Freddie/Documents/ANU/2310/lab/week5/Concurrent_Mergesort/Sources/concurrent_mergesort.adb</vfs_file>
    </file_marker>
    <file_marker column=" 1" line=" 17" >
      <vfs_project>/Users/Freddie/Documents/ANU/2310/lab/week5/Concurrent_Mergesort/concurrent_mergesort.gpr</vfs_project>
      <vfs_file>/Users/Freddie/Documents/ANU/2310/lab/week5/Concurrent_Mergesort/Sources/concurrent_mergesort.adb</vfs_file>
    </file_marker>
    <file_marker column=" 57" line=" 30" >
      <vfs_project>/Users/Freddie/Documents/ANU/2310/lab/week5/Concurrent_Mergesort/concurrent_mergesort.gpr</vfs_project>
      <vfs_file>/Users/Freddie/Documents/ANU/2310/lab/week5/Concurrent_Mergesort/Sources/concurrent_mergesort.adb</vfs_file>
    </file_marker>
    <file_marker column=" 19" line=" 38" >
      <vfs_project>/Users/Freddie/Documents/ANU/2310/lab/week5/Concurrent_Mergesort/concurrent_mergesort.gpr</vfs_project>
      <vfs_file>/Users/Freddie/Documents/ANU/2310/lab/week5/Concurrent_Mergesort/Sources/concurrent_mergesort.adb</vfs_file>
    </file_marker>
    <file_marker column=" 70" line=" 30" >
      <vfs_project>/Users/Freddie/Documents/ANU/2310/lab/week5/Concurrent_Mergesort/concurrent_mergesort.gpr</vfs_project>
      <vfs_file>/Users/Freddie/Documents/ANU/2310/lab/week5/Concurrent_Mergesort/Sources/concurrent_mergesort.adb</vfs_file>
    </file_marker>
    <file_marker column=" 1" line=" 38" >
      <vfs_project>/Users/Freddie/Documents/ANU/2310/lab/week5/Concurrent_Mergesort/concurrent_mergesort.gpr</vfs_project>
      <vfs_file>/Users/Freddie/Documents/ANU/2310/lab/week5/Concurrent_Mergesort/Sources/concurrent_mergesort.adb</vfs_file>
    </file_marker>
    <file_marker column=" 1" line=" 34" >
      <vfs_project>/Users/Freddie/Documents/ANU/2310/lab/week5/Concurrent_Mergesort/concurrent_mergesort.gpr</vfs_project>
      <vfs_file>/Users/Freddie/Documents/ANU/2310/lab/week5/Concurrent_Mergesort/Sources/concurrent_mergesort.adb</vfs_file>
    </file_marker>
    <file_marker current="true" column=" 52" line=" 37" >
      <vfs_project>/Users/Freddie/Documents/ANU/2310/lab/week5/Concurrent_Mergesort/concurrent_mergesort.gpr</vfs_project>
      <vfs_file>/Users/Freddie/Documents/ANU/2310/lab/week5/Concurrent_Mergesort/Sources/concurrent_mergesort.adb</vfs_file>
    </file_marker>
  </Project>
</Locations>
