<?xml version="1.0"?>
<Locations>
  <Project>
    <vfs_file>/Users/Freddie/Documents/ANU/2310/lab/week3/Two_Tasks/two_tasks.gpr</vfs_file>
    <file_marker column=" 1" line=" 1" >
      <vfs_project>/Users/Freddie/Documents/ANU/2310/lab/week3/Two_Tasks/two_tasks.gpr</vfs_project>
      <vfs_file>/Users/Freddie/Documents/ANU/2310/lab/week3/Two_Tasks/Sources/two_tasks.adb</vfs_file>
    </file_marker>
    <file_marker current="true" column=" 9" line=" 2" >
      <vfs_project>/Users/Freddie/Documents/ANU/2310/lab/week3/Two_Tasks/two_tasks.gpr</vfs_project>
      <vfs_file>/Users/Freddie/Documents/ANU/2310/lab/week3/Two_Tasks/Sources/two_tasks.adb</vfs_file>
    </file_marker>
  </Project>
</Locations>
