<?xml version="1.0"?>
<Locations >
  <Project>
    <vfs_file>/Users/Freddie/Documents/ANU/2310/lab/week11/Pipelined_Mergesort/Pipelined_Mergesort.gpr</vfs_file>
    <file_marker column=" 18" line=" 187" >
      <vfs_project>/Users/Freddie/Documents/ANU/2310/lab/week11/Pipelined_Mergesort/Pipelined_Mergesort.gpr</vfs_project>
      <vfs_file>/Users/Freddie/Documents/ANU/2310/lab/week11/Pipelined_Mergesort/Sources/pipelined_mergesort.adb</vfs_file>
    </file_marker>
    <file_marker column=" 24" line=" 57" >
      <vfs_project>/Users/Freddie/Documents/ANU/2310/lab/week11/Pipelined_Mergesort/Pipelined_Mergesort.gpr</vfs_project>
      <vfs_file>/Users/Freddie/Documents/ANU/2310/lab/week11/Pipelined_Mergesort/Sources/id_dispenser.adb</vfs_file>
    </file_marker>
    <file_marker current="true" column=" 11" line=" 10" >
      <vfs_project>/Users/Freddie/Documents/ANU/2310/lab/week11/Pipelined_Mergesort/Pipelined_Mergesort.gpr</vfs_project>
      <vfs_file>/Users/Freddie/Documents/ANU/2310/lab/week11/Pipelined_Mergesort/Sources/pipelined_mergesort.adb</vfs_file>
    </file_marker>
  </Project>
  <Project >
    <file_marker column=" 1" line=" 1">
      <vfs_project >/Users/Freddie/Documents/ANU/2310/lab/week11/Pipelined_Mergesort/Pipelined_Mergesort.gpr</vfs_project>
      <vfs_file >/Users/Freddie/Documents/ANU/2310/lab/week11/Pipelined_Mergesort/Sources/pipelined_mergesort.adb</vfs_file>
    </file_marker>
    <file_marker column=" 1" line=" 1">
      <vfs_project >/Users/Freddie/Documents/ANU/2310/lab/week11/Pipelined_Mergesort/Pipelined_Mergesort.gpr</vfs_project>
      <vfs_file >/Users/Freddie/Documents/ANU/2310/lab/week11/Pipelined_Mergesort/Sources/pipelined_mergesort.adb</vfs_file>
    </file_marker>
    <file_marker column=" 1" line=" 1">
      <vfs_project >/Users/Freddie/Documents/ANU/2310/lab/week11/Pipelined_Mergesort/Pipelined_Mergesort.gpr</vfs_project>
      <vfs_file >/Users/Freddie/Documents/ANU/2310/lab/week11/Pipelined_Mergesort/Sources/pipelined_mergesort.adb</vfs_file>
    </file_marker>
    <file_marker column=" 1" line=" 1">
      <vfs_project >/Users/Freddie/Documents/ANU/2310/lab/week11/Pipelined_Mergesort/Pipelined_Mergesort.gpr</vfs_project>
      <vfs_file >/Users/Freddie/Documents/ANU/2310/lab/week11/Pipelined_Mergesort/Sources/pipelined_mergesort.adb</vfs_file>
    </file_marker>
    <file_marker column=" 1" line=" 1">
      <vfs_project >/Users/Freddie/Documents/ANU/2310/lab/week11/Pipelined_Mergesort/Pipelined_Mergesort.gpr</vfs_project>
      <vfs_file >/Users/Freddie/Documents/ANU/2310/lab/week11/Pipelined_Mergesort/Sources/pipelined_mergesort.adb</vfs_file>
    </file_marker>
    <file_marker column=" 1" line=" 1">
      <vfs_project >/Users/Freddie/Documents/ANU/2310/lab/week11/Pipelined_Mergesort/Pipelined_Mergesort.gpr</vfs_project>
      <vfs_file >/Users/Freddie/Documents/ANU/2310/lab/week11/Pipelined_Mergesort/Sources/pipelined_mergesort.adb</vfs_file>
    </file_marker>
    <file_marker column=" 1" line=" 1">
      <vfs_project >/Users/Freddie/Documents/ANU/2310/lab/week11/Pipelined_Mergesort/Pipelined_Mergesort.gpr</vfs_project>
      <vfs_file >/Users/Freddie/Documents/ANU/2310/lab/week11/Pipelined_Mergesort/Sources/pipelined_mergesort.adb</vfs_file>
    </file_marker>
    <file_marker column=" 1" line=" 1">
      <vfs_project >/Users/Freddie/Documents/ANU/2310/lab/week11/Pipelined_Mergesort/Pipelined_Mergesort.gpr</vfs_project>
      <vfs_file >/Users/Freddie/Documents/ANU/2310/lab/week11/Pipelined_Mergesort/Sources/pipelined_mergesort.adb</vfs_file>
    </file_marker>
    <file_marker column=" 1" line=" 1">
      <vfs_project >/Users/Freddie/Documents/ANU/2310/lab/week11/Pipelined_Mergesort/Pipelined_Mergesort.gpr</vfs_project>
      <vfs_file >/Users/Freddie/Documents/ANU/2310/lab/week11/Pipelined_Mergesort/Sources/pipelined_mergesort.adb</vfs_file>
    </file_marker>
    <file_marker column=" 1" line=" 1">
      <vfs_project >/Users/Freddie/Documents/ANU/2310/lab/week11/Pipelined_Mergesort/Pipelined_Mergesort.gpr</vfs_project>
      <vfs_file >/Users/Freddie/Documents/ANU/2310/lab/week11/Pipelined_Mergesort/Sources/pipelined_mergesort.adb</vfs_file>
    </file_marker>
    <file_marker column=" 1" line=" 1">
      <vfs_project >/Users/Freddie/Documents/ANU/2310/lab/week11/Pipelined_Mergesort/Pipelined_Mergesort.gpr</vfs_project>
      <vfs_file >/Users/Freddie/Documents/ANU/2310/lab/week11/Pipelined_Mergesort/Sources/pipelined_mergesort.adb</vfs_file>
    </file_marker>
    <file_marker column=" 1" line=" 1">
      <vfs_project >/Users/Freddie/Documents/ANU/2310/lab/week11/Pipelined_Mergesort/Pipelined_Mergesort.gpr</vfs_project>
      <vfs_file >/Users/Freddie/Documents/ANU/2310/lab/week11/Pipelined_Mergesort/Sources/pipelined_mergesort.adb</vfs_file>
    </file_marker>
    <file_marker column=" 27" line=" 127">
      <vfs_project >/Users/Freddie/Documents/ANU/2310/lab/week11/Pipelined_Mergesort/Pipelined_Mergesort.gpr</vfs_project>
      <vfs_file >/Users/Freddie/Documents/ANU/2310/lab/week11/Pipelined_Mergesort/Sources/pipelined_mergesort.adb</vfs_file>
    </file_marker>
    <file_marker column=" 27" line=" 120">
      <vfs_project >/Users/Freddie/Documents/ANU/2310/lab/week11/Pipelined_Mergesort/Pipelined_Mergesort.gpr</vfs_project>
      <vfs_file >/Users/Freddie/Documents/ANU/2310/lab/week11/Pipelined_Mergesort/Sources/pipelined_mergesort.adb</vfs_file>
    </file_marker>
    <file_marker column=" 1" line=" 139">
      <vfs_project >/Users/Freddie/Documents/ANU/2310/lab/week11/Pipelined_Mergesort/Pipelined_Mergesort.gpr</vfs_project>
      <vfs_file >/Users/Freddie/Documents/ANU/2310/lab/week11/Pipelined_Mergesort/Sources/pipelined_mergesort.adb</vfs_file>
    </file_marker>
    <file_marker column=" 27" line=" 127">
      <vfs_project >/Users/Freddie/Documents/ANU/2310/lab/week11/Pipelined_Mergesort/Pipelined_Mergesort.gpr</vfs_project>
      <vfs_file >/Users/Freddie/Documents/ANU/2310/lab/week11/Pipelined_Mergesort/Sources/pipelined_mergesort.adb</vfs_file>
    </file_marker>
    <file_marker column=" 1" line=" 128">
      <vfs_project >/Users/Freddie/Documents/ANU/2310/lab/week11/Pipelined_Mergesort/Pipelined_Mergesort.gpr</vfs_project>
      <vfs_file >/Users/Freddie/Documents/ANU/2310/lab/week11/Pipelined_Mergesort/Sources/pipelined_mergesort.adb</vfs_file>
    </file_marker>
    <file_marker column=" 7" line=" 55">
      <vfs_project >/Users/Freddie/Documents/ANU/2310/lab/week11/Pipelined_Mergesort/Pipelined_Mergesort.gpr</vfs_project>
      <vfs_file >/Users/Freddie/Documents/ANU/2310/lab/week11/Pipelined_Mergesort/Sources/pipelined_mergesort.adb</vfs_file>
    </file_marker>
    <file_marker column=" 27" line=" 120">
      <vfs_project >/Users/Freddie/Documents/ANU/2310/lab/week11/Pipelined_Mergesort/Pipelined_Mergesort.gpr</vfs_project>
      <vfs_file >/Users/Freddie/Documents/ANU/2310/lab/week11/Pipelined_Mergesort/Sources/pipelined_mergesort.adb</vfs_file>
    </file_marker>
    <file_marker column=" 60" line=" 121">
      <vfs_project >/Users/Freddie/Documents/ANU/2310/lab/week11/Pipelined_Mergesort/Pipelined_Mergesort.gpr</vfs_project>
      <vfs_file >/Users/Freddie/Documents/ANU/2310/lab/week11/Pipelined_Mergesort/Sources/pipelined_mergesort.adb</vfs_file>
    </file_marker>
    <file_marker column=" 22" line=" 140">
      <vfs_project >/Users/Freddie/Documents/ANU/2310/lab/week11/Pipelined_Mergesort/Pipelined_Mergesort.gpr</vfs_project>
      <vfs_file >/Users/Freddie/Documents/ANU/2310/lab/week11/Pipelined_Mergesort/Sources/pipelined_mergesort.adb</vfs_file>
    </file_marker>
    <file_marker column=" 1" line=" 128">
      <vfs_project >/Users/Freddie/Documents/ANU/2310/lab/week11/Pipelined_Mergesort/Pipelined_Mergesort.gpr</vfs_project>
      <vfs_file >/Users/Freddie/Documents/ANU/2310/lab/week11/Pipelined_Mergesort/Sources/pipelined_mergesort.adb</vfs_file>
    </file_marker>
    <file_marker column=" 1" line=" 178">
      <vfs_project >/Users/Freddie/Documents/ANU/2310/lab/week11/Pipelined_Mergesort/Pipelined_Mergesort.gpr</vfs_project>
      <vfs_file >/Users/Freddie/Documents/ANU/2310/lab/week11/Pipelined_Mergesort/Sources/pipelined_mergesort.adb</vfs_file>
    </file_marker>
    <file_marker column=" 1" line=" 142">
      <vfs_project >/Users/Freddie/Documents/ANU/2310/lab/week11/Pipelined_Mergesort/Pipelined_Mergesort.gpr</vfs_project>
      <vfs_file >/Users/Freddie/Documents/ANU/2310/lab/week11/Pipelined_Mergesort/Sources/pipelined_mergesort.adb</vfs_file>
    </file_marker>
    <file_marker column=" 29" line=" 122">
      <vfs_project >/Users/Freddie/Documents/ANU/2310/lab/week11/Pipelined_Mergesort/Pipelined_Mergesort.gpr</vfs_project>
      <vfs_file >/Users/Freddie/Documents/ANU/2310/lab/week11/Pipelined_Mergesort/Sources/pipelined_mergesort.adb</vfs_file>
    </file_marker>
    <file_marker column=" 18" line=" 157">
      <vfs_project >/Users/Freddie/Documents/ANU/2310/lab/week11/Pipelined_Mergesort/Pipelined_Mergesort.gpr</vfs_project>
      <vfs_file >/Users/Freddie/Documents/ANU/2310/lab/week11/Pipelined_Mergesort/Sources/pipelined_mergesort.adb</vfs_file>
    </file_marker>
    <file_marker column=" 1" line=" 128">
      <vfs_project >/Users/Freddie/Documents/ANU/2310/lab/week11/Pipelined_Mergesort/Pipelined_Mergesort.gpr</vfs_project>
      <vfs_file >/Users/Freddie/Documents/ANU/2310/lab/week11/Pipelined_Mergesort/Sources/pipelined_mergesort.adb</vfs_file>
    </file_marker>
    <file_marker column=" 30" line=" 130">
      <vfs_project >/Users/Freddie/Documents/ANU/2310/lab/week11/Pipelined_Mergesort/Pipelined_Mergesort.gpr</vfs_project>
      <vfs_file >/Users/Freddie/Documents/ANU/2310/lab/week11/Pipelined_Mergesort/Sources/pipelined_mergesort.adb</vfs_file>
    </file_marker>
    <file_marker column=" 1" line=" 128">
      <vfs_project >/Users/Freddie/Documents/ANU/2310/lab/week11/Pipelined_Mergesort/Pipelined_Mergesort.gpr</vfs_project>
      <vfs_file >/Users/Freddie/Documents/ANU/2310/lab/week11/Pipelined_Mergesort/Sources/pipelined_mergesort.adb</vfs_file>
    </file_marker>
    <file_marker column=" 1" line=" 128">
      <vfs_project >/Users/Freddie/Documents/ANU/2310/lab/week11/Pipelined_Mergesort/Pipelined_Mergesort.gpr</vfs_project>
      <vfs_file >/Users/Freddie/Documents/ANU/2310/lab/week11/Pipelined_Mergesort/Sources/pipelined_mergesort.adb</vfs_file>
    </file_marker>
    <file_marker column=" 1" line=" 128">
      <vfs_project >/Users/Freddie/Documents/ANU/2310/lab/week11/Pipelined_Mergesort/Pipelined_Mergesort.gpr</vfs_project>
      <vfs_file >/Users/Freddie/Documents/ANU/2310/lab/week11/Pipelined_Mergesort/Sources/pipelined_mergesort.adb</vfs_file>
    </file_marker>
    <file_marker column=" 1" line=" 128">
      <vfs_project >/Users/Freddie/Documents/ANU/2310/lab/week11/Pipelined_Mergesort/Pipelined_Mergesort.gpr</vfs_project>
      <vfs_file >/Users/Freddie/Documents/ANU/2310/lab/week11/Pipelined_Mergesort/Sources/pipelined_mergesort.adb</vfs_file>
    </file_marker>
    <file_marker column=" 1" line=" 128">
      <vfs_project >/Users/Freddie/Documents/ANU/2310/lab/week11/Pipelined_Mergesort/Pipelined_Mergesort.gpr</vfs_project>
      <vfs_file >/Users/Freddie/Documents/ANU/2310/lab/week11/Pipelined_Mergesort/Sources/pipelined_mergesort.adb</vfs_file>
    </file_marker>
    <file_marker column=" 1" line=" 128">
      <vfs_project >/Users/Freddie/Documents/ANU/2310/lab/week11/Pipelined_Mergesort/Pipelined_Mergesort.gpr</vfs_project>
      <vfs_file >/Users/Freddie/Documents/ANU/2310/lab/week11/Pipelined_Mergesort/Sources/pipelined_mergesort.adb</vfs_file>
    </file_marker>
    <file_marker column=" 1" line=" 128">
      <vfs_project >/Users/Freddie/Documents/ANU/2310/lab/week11/Pipelined_Mergesort/Pipelined_Mergesort.gpr</vfs_project>
      <vfs_file >/Users/Freddie/Documents/ANU/2310/lab/week11/Pipelined_Mergesort/Sources/pipelined_mergesort.adb</vfs_file>
    </file_marker>
    <file_marker column=" 1" line=" 128">
      <vfs_project >/Users/Freddie/Documents/ANU/2310/lab/week11/Pipelined_Mergesort/Pipelined_Mergesort.gpr</vfs_project>
      <vfs_file >/Users/Freddie/Documents/ANU/2310/lab/week11/Pipelined_Mergesort/Sources/pipelined_mergesort.adb</vfs_file>
    </file_marker>
    <file_marker column=" 71" line=" 141">
      <vfs_project >/Users/Freddie/Documents/ANU/2310/lab/week11/Pipelined_Mergesort/Pipelined_Mergesort.gpr</vfs_project>
      <vfs_file >/Users/Freddie/Documents/ANU/2310/lab/week11/Pipelined_Mergesort/Sources/pipelined_mergesort.adb</vfs_file>
    </file_marker>
    <file_marker column=" 1" line=" 176">
      <vfs_project >/Users/Freddie/Documents/ANU/2310/lab/week11/Pipelined_Mergesort/Pipelined_Mergesort.gpr</vfs_project>
      <vfs_file >/Users/Freddie/Documents/ANU/2310/lab/week11/Pipelined_Mergesort/Sources/pipelined_mergesort.adb</vfs_file>
    </file_marker>
    <file_marker column=" 71" line=" 141">
      <vfs_project >/Users/Freddie/Documents/ANU/2310/lab/week11/Pipelined_Mergesort/Pipelined_Mergesort.gpr</vfs_project>
      <vfs_file >/Users/Freddie/Documents/ANU/2310/lab/week11/Pipelined_Mergesort/Sources/pipelined_mergesort.adb</vfs_file>
    </file_marker>
    <file_marker column=" 1" line=" 178">
      <vfs_project >/Users/Freddie/Documents/ANU/2310/lab/week11/Pipelined_Mergesort/Pipelined_Mergesort.gpr</vfs_project>
      <vfs_file >/Users/Freddie/Documents/ANU/2310/lab/week11/Pipelined_Mergesort/Sources/pipelined_mergesort.adb</vfs_file>
    </file_marker>
    <file_marker column=" 1" line=" 177">
      <vfs_project >/Users/Freddie/Documents/ANU/2310/lab/week11/Pipelined_Mergesort/Pipelined_Mergesort.gpr</vfs_project>
      <vfs_file >/Users/Freddie/Documents/ANU/2310/lab/week11/Pipelined_Mergesort/Sources/pipelined_mergesort.adb</vfs_file>
    </file_marker>
    <file_marker column=" 7" line=" 55">
      <vfs_project >/Users/Freddie/Documents/ANU/2310/lab/week11/Pipelined_Mergesort/Pipelined_Mergesort.gpr</vfs_project>
      <vfs_file >/Users/Freddie/Documents/ANU/2310/lab/week11/Pipelined_Mergesort/Sources/pipelined_mergesort.adb</vfs_file>
    </file_marker>
    <file_marker column=" 57" line=" 164">
      <vfs_project >/Users/Freddie/Documents/ANU/2310/lab/week11/Pipelined_Mergesort/Pipelined_Mergesort.gpr</vfs_project>
      <vfs_file >/Users/Freddie/Documents/ANU/2310/lab/week11/Pipelined_Mergesort/Sources/pipelined_mergesort.adb</vfs_file>
    </file_marker>
    <file_marker column=" 45" line=" 143">
      <vfs_project >/Users/Freddie/Documents/ANU/2310/lab/week11/Pipelined_Mergesort/Pipelined_Mergesort.gpr</vfs_project>
      <vfs_file >/Users/Freddie/Documents/ANU/2310/lab/week11/Pipelined_Mergesort/Sources/pipelined_mergesort.adb</vfs_file>
    </file_marker>
    <file_marker column=" 71" line=" 141">
      <vfs_project >/Users/Freddie/Documents/ANU/2310/lab/week11/Pipelined_Mergesort/Pipelined_Mergesort.gpr</vfs_project>
      <vfs_file >/Users/Freddie/Documents/ANU/2310/lab/week11/Pipelined_Mergesort/Sources/pipelined_mergesort.adb</vfs_file>
    </file_marker>
    <file_marker column=" 58" line=" 121">
      <vfs_project >/Users/Freddie/Documents/ANU/2310/lab/week11/Pipelined_Mergesort/Pipelined_Mergesort.gpr</vfs_project>
      <vfs_file >/Users/Freddie/Documents/ANU/2310/lab/week11/Pipelined_Mergesort/Sources/pipelined_mergesort.adb</vfs_file>
    </file_marker>
    <file_marker column=" 71" line=" 141">
      <vfs_project >/Users/Freddie/Documents/ANU/2310/lab/week11/Pipelined_Mergesort/Pipelined_Mergesort.gpr</vfs_project>
      <vfs_file >/Users/Freddie/Documents/ANU/2310/lab/week11/Pipelined_Mergesort/Sources/pipelined_mergesort.adb</vfs_file>
    </file_marker>
    <file_marker column=" 45" line=" 143">
      <vfs_project >/Users/Freddie/Documents/ANU/2310/lab/week11/Pipelined_Mergesort/Pipelined_Mergesort.gpr</vfs_project>
      <vfs_file >/Users/Freddie/Documents/ANU/2310/lab/week11/Pipelined_Mergesort/Sources/pipelined_mergesort.adb</vfs_file>
    </file_marker>
    <file_marker column=" 67" line=" 170">
      <vfs_project >/Users/Freddie/Documents/ANU/2310/lab/week11/Pipelined_Mergesort/Pipelined_Mergesort.gpr</vfs_project>
      <vfs_file >/Users/Freddie/Documents/ANU/2310/lab/week11/Pipelined_Mergesort/Sources/pipelined_mergesort.adb</vfs_file>
    </file_marker>
    <file_marker column=" 45" line=" 143">
      <vfs_project >/Users/Freddie/Documents/ANU/2310/lab/week11/Pipelined_Mergesort/Pipelined_Mergesort.gpr</vfs_project>
      <vfs_file >/Users/Freddie/Documents/ANU/2310/lab/week11/Pipelined_Mergesort/Sources/pipelined_mergesort.adb</vfs_file>
    </file_marker>
    <file_marker column=" 50" line=" 164">
      <vfs_project >/Users/Freddie/Documents/ANU/2310/lab/week11/Pipelined_Mergesort/Pipelined_Mergesort.gpr</vfs_project>
      <vfs_file >/Users/Freddie/Documents/ANU/2310/lab/week11/Pipelined_Mergesort/Sources/pipelined_mergesort.adb</vfs_file>
    </file_marker>
    <file_marker column=" 45" line=" 143">
      <vfs_project >/Users/Freddie/Documents/ANU/2310/lab/week11/Pipelined_Mergesort/Pipelined_Mergesort.gpr</vfs_project>
      <vfs_file >/Users/Freddie/Documents/ANU/2310/lab/week11/Pipelined_Mergesort/Sources/pipelined_mergesort.adb</vfs_file>
    </file_marker>
    <file_marker column=" 63" line=" 170">
      <vfs_project >/Users/Freddie/Documents/ANU/2310/lab/week11/Pipelined_Mergesort/Pipelined_Mergesort.gpr</vfs_project>
      <vfs_file >/Users/Freddie/Documents/ANU/2310/lab/week11/Pipelined_Mergesort/Sources/pipelined_mergesort.adb</vfs_file>
    </file_marker>
    <file_marker column=" 45" line=" 143">
      <vfs_project >/Users/Freddie/Documents/ANU/2310/lab/week11/Pipelined_Mergesort/Pipelined_Mergesort.gpr</vfs_project>
      <vfs_file >/Users/Freddie/Documents/ANU/2310/lab/week11/Pipelined_Mergesort/Sources/pipelined_mergesort.adb</vfs_file>
    </file_marker>
    <file_marker column=" 45" line=" 143">
      <vfs_project >/Users/Freddie/Documents/ANU/2310/lab/week11/Pipelined_Mergesort/Pipelined_Mergesort.gpr</vfs_project>
      <vfs_file >/Users/Freddie/Documents/ANU/2310/lab/week11/Pipelined_Mergesort/Sources/pipelined_mergesort.adb</vfs_file>
    </file_marker>
    <file_marker column=" 45" line=" 143">
      <vfs_project >/Users/Freddie/Documents/ANU/2310/lab/week11/Pipelined_Mergesort/Pipelined_Mergesort.gpr</vfs_project>
      <vfs_file >/Users/Freddie/Documents/ANU/2310/lab/week11/Pipelined_Mergesort/Sources/pipelined_mergesort.adb</vfs_file>
    </file_marker>
    <file_marker column=" 45" line=" 148">
      <vfs_project >/Users/Freddie/Documents/ANU/2310/lab/week11/Pipelined_Mergesort/Pipelined_Mergesort.gpr</vfs_project>
      <vfs_file >/Users/Freddie/Documents/ANU/2310/lab/week11/Pipelined_Mergesort/Sources/pipelined_mergesort.adb</vfs_file>
    </file_marker>
    <file_marker column=" 1" line=" 170">
      <vfs_project >/Users/Freddie/Documents/ANU/2310/lab/week11/Pipelined_Mergesort/Pipelined_Mergesort.gpr</vfs_project>
      <vfs_file >/Users/Freddie/Documents/ANU/2310/lab/week11/Pipelined_Mergesort/Sources/pipelined_mergesort.adb</vfs_file>
    </file_marker>
    <file_marker column=" 24" line=" 120">
      <vfs_project >/Users/Freddie/Documents/ANU/2310/lab/week11/Pipelined_Mergesort/Pipelined_Mergesort.gpr</vfs_project>
      <vfs_file >/Users/Freddie/Documents/ANU/2310/lab/week11/Pipelined_Mergesort/Sources/pipelined_mergesort.adb</vfs_file>
    </file_marker>
    <file_marker column=" 1" line=" 170">
      <vfs_project >/Users/Freddie/Documents/ANU/2310/lab/week11/Pipelined_Mergesort/Pipelined_Mergesort.gpr</vfs_project>
      <vfs_file >/Users/Freddie/Documents/ANU/2310/lab/week11/Pipelined_Mergesort/Sources/pipelined_mergesort.adb</vfs_file>
    </file_marker>
    <file_marker column=" 52" line=" 133">
      <vfs_project >/Users/Freddie/Documents/ANU/2310/lab/week11/Pipelined_Mergesort/Pipelined_Mergesort.gpr</vfs_project>
      <vfs_file >/Users/Freddie/Documents/ANU/2310/lab/week11/Pipelined_Mergesort/Sources/pipelined_mergesort.adb</vfs_file>
    </file_marker>
    <file_marker column=" 24" line=" 131">
      <vfs_project >/Users/Freddie/Documents/ANU/2310/lab/week11/Pipelined_Mergesort/Pipelined_Mergesort.gpr</vfs_project>
      <vfs_file >/Users/Freddie/Documents/ANU/2310/lab/week11/Pipelined_Mergesort/Sources/pipelined_mergesort.adb</vfs_file>
    </file_marker>
    <file_marker column=" 1" line=" 128">
      <vfs_project >/Users/Freddie/Documents/ANU/2310/lab/week11/Pipelined_Mergesort/Pipelined_Mergesort.gpr</vfs_project>
      <vfs_file >/Users/Freddie/Documents/ANU/2310/lab/week11/Pipelined_Mergesort/Sources/pipelined_mergesort.adb</vfs_file>
    </file_marker>
    <file_marker column=" 23" line=" 131">
      <vfs_project >/Users/Freddie/Documents/ANU/2310/lab/week11/Pipelined_Mergesort/Pipelined_Mergesort.gpr</vfs_project>
      <vfs_file >/Users/Freddie/Documents/ANU/2310/lab/week11/Pipelined_Mergesort/Sources/pipelined_mergesort.adb</vfs_file>
    </file_marker>
    <file_marker column=" 1" line=" 128">
      <vfs_project >/Users/Freddie/Documents/ANU/2310/lab/week11/Pipelined_Mergesort/Pipelined_Mergesort.gpr</vfs_project>
      <vfs_file >/Users/Freddie/Documents/ANU/2310/lab/week11/Pipelined_Mergesort/Sources/pipelined_mergesort.adb</vfs_file>
    </file_marker>
    <file_marker column=" 1" line=" 1">
      <vfs_project >/Users/Freddie/Documents/ANU/2310/lab/week11/Pipelined_Mergesort/Pipelined_Mergesort.gpr</vfs_project>
      <vfs_file >/Users/Freddie/Documents/ANU/2310/lab/week11/Pipelined_Mergesort/Sources/pipelined_mergesort.adb</vfs_file>
    </file_marker>
    <file_marker column=" 1" line=" 139">
      <vfs_project >/Users/Freddie/Documents/ANU/2310/lab/week11/Pipelined_Mergesort/Pipelined_Mergesort.gpr</vfs_project>
      <vfs_file >/Users/Freddie/Documents/ANU/2310/lab/week11/Pipelined_Mergesort/Sources/pipelined_mergesort.adb</vfs_file>
    </file_marker>
    <file_marker column=" 1" line=" 1">
      <vfs_project >/Users/Freddie/Documents/ANU/2310/lab/week11/Pipelined_Mergesort/Pipelined_Mergesort.gpr</vfs_project>
      <vfs_file >/Users/Freddie/Documents/ANU/2310/lab/week11/Pipelined_Mergesort/Sources/pipelined_mergesort.adb</vfs_file>
    </file_marker>
    <file_marker column=" 31" line=" 170">
      <vfs_project >/Users/Freddie/Documents/ANU/2310/lab/week11/Pipelined_Mergesort/Pipelined_Mergesort.gpr</vfs_project>
      <vfs_file >/Users/Freddie/Documents/ANU/2310/lab/week11/Pipelined_Mergesort/Sources/pipelined_mergesort.adb</vfs_file>
    </file_marker>
    <file_marker column=" 61" line=" 125">
      <vfs_project >/Users/Freddie/Documents/ANU/2310/lab/week11/Pipelined_Mergesort/Pipelined_Mergesort.gpr</vfs_project>
      <vfs_file >/Users/Freddie/Documents/ANU/2310/lab/week11/Pipelined_Mergesort/Sources/pipelined_mergesort.adb</vfs_file>
    </file_marker>
    <file_marker column=" 42" line=" 170">
      <vfs_project >/Users/Freddie/Documents/ANU/2310/lab/week11/Pipelined_Mergesort/Pipelined_Mergesort.gpr</vfs_project>
      <vfs_file >/Users/Freddie/Documents/ANU/2310/lab/week11/Pipelined_Mergesort/Sources/pipelined_mergesort.adb</vfs_file>
    </file_marker>
    <file_marker current="true" column=" 16" line=" 57">
      <vfs_project >/Users/Freddie/Documents/ANU/2310/lab/week11/Pipelined_Mergesort/Pipelined_Mergesort.gpr</vfs_project>
      <vfs_file >/Users/Freddie/Documents/ANU/2310/lab/week11/Pipelined_Mergesort/Sources/pipelined_mergesort.adb</vfs_file>
    </file_marker>
  </Project>
</Locations>
