<?xml version="1.0"?>
<Locations >
  <Project >
    <file_marker column=" 14" line=" 35" >
      <vfs_project>/Users/Freddie/Documents/ANU/2310/lab/week4/Semaphore/semaphore.gpr</vfs_project>
      <vfs_file>/Users/Freddie/Documents/ANU/2310/lab/week4/Semaphore/Sources/philos.adb</vfs_file>
    </file_marker>
    <file_marker column=" 1" line=" 10" >
      <vfs_project>/Users/Freddie/Documents/ANU/2310/lab/week4/Semaphore/semaphore.gpr</vfs_project>
      <vfs_file>/Users/Freddie/Documents/ANU/2310/lab/week4/Semaphore/Sources/Id_Dispenser.adb</vfs_file>
    </file_marker>
    <file_marker column=" 42" line=" 11" >
      <vfs_project>/Users/Freddie/Documents/ANU/2310/lab/week4/Semaphore/semaphore.gpr</vfs_project>
      <vfs_file>/Users/Freddie/Documents/ANU/2310/lab/week4/Semaphore/Sources/Id_Dispenser.ads</vfs_file>
    </file_marker>
    <file_marker column=" 14" line=" 8" >
      <vfs_project>/Users/Freddie/Documents/ANU/2310/lab/week4/Semaphore/semaphore.gpr</vfs_project>
      <vfs_file>/Users/Freddie/Documents/ANU/2310/lab/week4/Semaphore/Sources/Id_Dispenser.ads</vfs_file>
    </file_marker>
    <file_marker column=" 7" line=" 24" >
      <vfs_project>/Users/Freddie/Documents/ANU/2310/lab/week4/Semaphore/semaphore.gpr</vfs_project>
      <vfs_file>/Users/Freddie/Documents/ANU/2310/lab/week4/Semaphore/Sources/philos.adb</vfs_file>
    </file_marker>
    <file_marker column=" 1" line=" 12" >
      <vfs_project>/Users/Freddie/Documents/ANU/2310/lab/week4/Semaphore/semaphore.gpr</vfs_project>
      <vfs_file>/Users/Freddie/Documents/ANU/2310/lab/week4/Semaphore/Sources/Id_Dispenser.adb</vfs_file>
    </file_marker>
    <file_marker column=" 1" line=" 2" >
      <vfs_project>/Users/Freddie/Documents/ANU/2310/lab/week4/Semaphore/semaphore.gpr</vfs_project>
      <vfs_file>/Users/Freddie/Documents/ANU/2310/lab/week4/Semaphore/Sources/Id_Dispenser.adb</vfs_file>
    </file_marker>
    <file_marker column=" 17" line=" 11" >
      <vfs_project>/Users/Freddie/Documents/ANU/2310/lab/week4/Semaphore/semaphore.gpr</vfs_project>
      <vfs_file>/Users/Freddie/Documents/ANU/2310/lab/week4/Semaphore/Sources/Id_Dispenser.adb</vfs_file>
    </file_marker>
    <file_marker column=" 1" line=" 2" >
      <vfs_project>/Users/Freddie/Documents/ANU/2310/lab/week4/Semaphore/semaphore.gpr</vfs_project>
      <vfs_file>/Users/Freddie/Documents/ANU/2310/lab/week4/Semaphore/Sources/Id_Dispenser.adb</vfs_file>
    </file_marker>
    <file_marker column=" 41" line=" 11" >
      <vfs_project>/Users/Freddie/Documents/ANU/2310/lab/week4/Semaphore/semaphore.gpr</vfs_project>
      <vfs_file>/Users/Freddie/Documents/ANU/2310/lab/week4/Semaphore/Sources/Id_Dispenser.ads</vfs_file>
    </file_marker>
    <file_marker column=" 1" line=" 2" >
      <vfs_project>/Users/Freddie/Documents/ANU/2310/lab/week4/Semaphore/semaphore.gpr</vfs_project>
      <vfs_file>/Users/Freddie/Documents/ANU/2310/lab/week4/Semaphore/Sources/Id_Dispenser.adb</vfs_file>
    </file_marker>
    <file_marker column=" 1" line=" 12" >
      <vfs_project>/Users/Freddie/Documents/ANU/2310/lab/week4/Semaphore/semaphore.gpr</vfs_project>
      <vfs_file>/Users/Freddie/Documents/ANU/2310/lab/week4/Semaphore/Sources/Id_Dispenser.adb</vfs_file>
    </file_marker>
    <file_marker column=" 1" line=" 2" >
      <vfs_project>/Users/Freddie/Documents/ANU/2310/lab/week4/Semaphore/semaphore.gpr</vfs_project>
      <vfs_file>/Users/Freddie/Documents/ANU/2310/lab/week4/Semaphore/Sources/Id_Dispenser.adb</vfs_file>
    </file_marker>
    <file_marker column=" 1" line=" 1" >
      <vfs_project>/Users/Freddie/Documents/ANU/2310/lab/week4/Semaphore/semaphore.gpr</vfs_project>
      <vfs_file>/Users/Freddie/Documents/ANU/2310/lab/week4/Semaphore/Sources/Id_Dispenser.adb</vfs_file>
    </file_marker>
    <file_marker column=" 55" line=" 32" >
      <vfs_project>/Users/Freddie/Documents/ANU/2310/lab/week4/Semaphore/semaphore.gpr</vfs_project>
      <vfs_file>/Users/Freddie/Documents/ANU/2310/lab/week4/Semaphore/Sources/philos.adb</vfs_file>
    </file_marker>
    <file_marker column=" 33" line=" 26" >
      <vfs_project>/Users/Freddie/Documents/ANU/2310/lab/week4/Semaphore/semaphore.gpr</vfs_project>
      <vfs_file>/Users/Freddie/Documents/ANU/2310/lab/week4/Semaphore/Sources/philos.adb</vfs_file>
    </file_marker>
    <file_marker column=" 53" line=" 27" >
      <vfs_project>/Users/Freddie/Documents/ANU/2310/lab/week4/Semaphore/semaphore.gpr</vfs_project>
      <vfs_file>/Users/Freddie/Documents/ANU/2310/lab/week4/Semaphore/Sources/philos.adb</vfs_file>
    </file_marker>
    <file_marker column=" 59" line=" 26" >
      <vfs_project>/Users/Freddie/Documents/ANU/2310/lab/week4/Semaphore/semaphore.gpr</vfs_project>
      <vfs_file>/Users/Freddie/Documents/ANU/2310/lab/week4/Semaphore/Sources/philos.adb</vfs_file>
    </file_marker>
    <file_marker column=" 23" line=" 15" >
      <vfs_project>/Users/Freddie/Documents/ANU/2310/lab/week4/Semaphore/semaphore.gpr</vfs_project>
      <vfs_file>/Users/Freddie/Documents/ANU/2310/lab/week4/Semaphore/Sources/philos.adb</vfs_file>
    </file_marker>
    <file_marker column=" 24" line=" 3" >
      <vfs_project>/Users/Freddie/Documents/ANU/2310/lab/week4/Semaphore/semaphore.gpr</vfs_project>
      <vfs_file>/Users/Freddie/Documents/ANU/2310/lab/week4/Semaphore/Sources/philos.adb</vfs_file>
    </file_marker>
    <file_marker column=" 1" line=" 11" >
      <vfs_project>/Users/Freddie/Documents/ANU/2310/lab/week4/Semaphore/semaphore.gpr</vfs_project>
      <vfs_file>/Users/Freddie/Documents/ANU/2310/lab/week4/Semaphore/Sources/philos.adb</vfs_file>
    </file_marker>
    <file_marker current="true" column=" 24" line=" 3" >
      <vfs_project>/Users/Freddie/Documents/ANU/2310/lab/week4/Semaphore/semaphore.gpr</vfs_project>
      <vfs_file>/Users/Freddie/Documents/ANU/2310/lab/week4/Semaphore/Sources/philos.adb</vfs_file>
    </file_marker>
  </Project>
  <Project >
    <file_marker column=" 1" line=" 1">
      <vfs_project >/Users/Freddie/Documents/ANU/2310/lab/week4/Semaphore/semaphore.gpr</vfs_project>
      <vfs_file >/Users/Freddie/Documents/ANU/2310/lab/week4/Semaphore/Sources/philos.adb</vfs_file>
    </file_marker>
    <file_marker column=" 1" line=" 19">
      <vfs_project >/Users/Freddie/Documents/ANU/2310/lab/week4/Semaphore/semaphore.gpr</vfs_project>
      <vfs_file >/Users/Freddie/Documents/ANU/2310/lab/week4/Semaphore/Sources/philos.adb</vfs_file>
    </file_marker>
    <file_marker column=" 70" line=" 14">
      <vfs_project >/Users/Freddie/Documents/ANU/2310/lab/week4/Semaphore/semaphore.gpr</vfs_project>
      <vfs_file >/Users/Freddie/Documents/ANU/2310/lab/week4/Semaphore/Sources/philos.adb</vfs_file>
    </file_marker>
    <file_marker column=" 1" line=" 1">
      <vfs_project >/Users/Freddie/Documents/ANU/2310/lab/week4/Semaphore/semaphore.gpr</vfs_project>
      <vfs_file >/Users/Freddie/Documents/ANU/2310/lab/week4/Semaphore/Sources/Id_Dispenser.adb</vfs_file>
    </file_marker>
    <file_marker column=" 1" line=" 1">
      <vfs_project >/Users/Freddie/Documents/ANU/2310/lab/week4/Semaphore/semaphore.gpr</vfs_project>
      <vfs_file >/Users/Freddie/Documents/ANU/2310/lab/week4/Semaphore/Sources/Id_Dispenser.ads</vfs_file>
    </file_marker>
    <file_marker column=" 1" line=" 1">
      <vfs_project >/Users/Freddie/Documents/ANU/2310/lab/week4/Semaphore/semaphore.gpr</vfs_project>
      <vfs_file >/Users/Freddie/Documents/ANU/2310/lab/week4/Semaphore/Sources/philos.adb</vfs_file>
    </file_marker>
    <file_marker column=" 70" line=" 14">
      <vfs_project >/Users/Freddie/Documents/ANU/2310/lab/week4/Semaphore/semaphore.gpr</vfs_project>
      <vfs_file >/Users/Freddie/Documents/ANU/2310/lab/week4/Semaphore/Sources/philos.adb</vfs_file>
    </file_marker>
    <file_marker column=" 1" line=" 1">
      <vfs_project >/Users/Freddie/Documents/ANU/2310/lab/week4/Semaphore/semaphore.gpr</vfs_project>
      <vfs_file >/Users/Freddie/Documents/ANU/2310/lab/week4/Semaphore/Sources/Semaphores.adb</vfs_file>
    </file_marker>
    <file_marker column=" 1" line=" 1">
      <vfs_project >/Users/Freddie/Documents/ANU/2310/lab/week4/Semaphore/semaphore.gpr</vfs_project>
      <vfs_file >/Users/Freddie/Documents/ANU/2310/lab/week4/Semaphore/Sources/Semaphores.ads</vfs_file>
    </file_marker>
    <file_marker column=" 33" line=" 27">
      <vfs_project >/Users/Freddie/Documents/ANU/2310/lab/week4/Semaphore/semaphore.gpr</vfs_project>
      <vfs_file >/Users/Freddie/Documents/ANU/2310/lab/week4/Semaphore/Sources/philos.adb</vfs_file>
    </file_marker>
    <file_marker column=" 26" line=" 7">
      <vfs_project >/Users/Freddie/Documents/ANU/2310/lab/week4/Semaphore/semaphore.gpr</vfs_project>
      <vfs_file >/Users/Freddie/Documents/ANU/2310/lab/week4/Semaphore/Sources/Id_Dispenser.ads</vfs_file>
    </file_marker>
    <file_marker column=" 1" line=" 14">
      <vfs_project >/Users/Freddie/Documents/ANU/2310/lab/week4/Semaphore/semaphore.gpr</vfs_project>
      <vfs_file >/Users/Freddie/Documents/ANU/2310/lab/week4/Semaphore/Sources/Id_Dispenser.ads</vfs_file>
    </file_marker>
    <file_marker column=" 26" line=" 7">
      <vfs_project >/Users/Freddie/Documents/ANU/2310/lab/week4/Semaphore/semaphore.gpr</vfs_project>
      <vfs_file >/Users/Freddie/Documents/ANU/2310/lab/week4/Semaphore/Sources/Id_Dispenser.ads</vfs_file>
    </file_marker>
    <file_marker column=" 1" line=" 14">
      <vfs_project >/Users/Freddie/Documents/ANU/2310/lab/week4/Semaphore/semaphore.gpr</vfs_project>
      <vfs_file >/Users/Freddie/Documents/ANU/2310/lab/week4/Semaphore/Sources/Id_Dispenser.ads</vfs_file>
    </file_marker>
    <file_marker column=" 26" line=" 7">
      <vfs_project >/Users/Freddie/Documents/ANU/2310/lab/week4/Semaphore/semaphore.gpr</vfs_project>
      <vfs_file >/Users/Freddie/Documents/ANU/2310/lab/week4/Semaphore/Sources/Id_Dispenser.ads</vfs_file>
    </file_marker>
    <file_marker column=" 1" line=" 16">
      <vfs_project >/Users/Freddie/Documents/ANU/2310/lab/week4/Semaphore/semaphore.gpr</vfs_project>
      <vfs_file >/Users/Freddie/Documents/ANU/2310/lab/week4/Semaphore/Sources/Id_Dispenser.ads</vfs_file>
    </file_marker>
    <file_marker column=" 26" line=" 7">
      <vfs_project >/Users/Freddie/Documents/ANU/2310/lab/week4/Semaphore/semaphore.gpr</vfs_project>
      <vfs_file >/Users/Freddie/Documents/ANU/2310/lab/week4/Semaphore/Sources/Id_Dispenser.ads</vfs_file>
    </file_marker>
    <file_marker column=" 1" line=" 7">
      <vfs_project >/Users/Freddie/Documents/ANU/2310/lab/week4/Semaphore/semaphore.gpr</vfs_project>
      <vfs_file >/Users/Freddie/Documents/ANU/2310/lab/week4/Semaphore/Sources/Id_Dispenser.ads</vfs_file>
    </file_marker>
    <file_marker column=" 6" line=" 2">
      <vfs_project >/Users/Freddie/Documents/ANU/2310/lab/week4/Semaphore/semaphore.gpr</vfs_project>
      <vfs_file >/Users/Freddie/Documents/ANU/2310/lab/week4/Semaphore/Sources/philos.adb</vfs_file>
    </file_marker>
    <file_marker column=" 1" line=" 10">
      <vfs_project >/Users/Freddie/Documents/ANU/2310/lab/week4/Semaphore/semaphore.gpr</vfs_project>
      <vfs_file >/Users/Freddie/Documents/ANU/2310/lab/week4/Semaphore/Sources/Id_Dispenser.adb</vfs_file>
    </file_marker>
    <file_marker column=" 7" line=" 20">
      <vfs_project >/Users/Freddie/Documents/ANU/2310/lab/week4/Semaphore/semaphore.gpr</vfs_project>
      <vfs_file >/Users/Freddie/Documents/ANU/2310/lab/week4/Semaphore/Sources/philos.adb</vfs_file>
    </file_marker>
    <file_marker column=" 1" line=" 1">
      <vfs_project >/Users/Freddie/Documents/ANU/2310/lab/week4/Semaphore/semaphore.gpr</vfs_project>
      <vfs_file >/Users/Freddie/Documents/ANU/2310/lab/week4/Semaphore/Sources/Id_Dispenser.adb</vfs_file>
    </file_marker>
    <file_marker column=" 10" line=" 12">
      <vfs_project >/Users/Freddie/Documents/ANU/2310/lab/week4/Semaphore/semaphore.gpr</vfs_project>
      <vfs_file >/Users/Freddie/Documents/ANU/2310/lab/week4/Semaphore/Sources/Id_Dispenser.adb</vfs_file>
    </file_marker>
    <file_marker column=" 7" line=" 20">
      <vfs_project >/Users/Freddie/Documents/ANU/2310/lab/week4/Semaphore/semaphore.gpr</vfs_project>
      <vfs_file >/Users/Freddie/Documents/ANU/2310/lab/week4/Semaphore/Sources/philos.adb</vfs_file>
    </file_marker>
    <file_marker column=" 1" line=" 1">
      <vfs_project >/Users/Freddie/Documents/ANU/2310/lab/week4/Semaphore/semaphore.gpr</vfs_project>
      <vfs_file >/Users/Freddie/Documents/ANU/2310/lab/week4/Semaphore/Sources/Id_Dispenser.adb</vfs_file>
    </file_marker>
    <file_marker column=" 18" line=" 16">
      <vfs_project >/Users/Freddie/Documents/ANU/2310/lab/week4/Semaphore/semaphore.gpr</vfs_project>
      <vfs_file >/Users/Freddie/Documents/ANU/2310/lab/week4/Semaphore/Sources/Id_Dispenser.adb</vfs_file>
    </file_marker>
    <file_marker column=" 7" line=" 20">
      <vfs_project >/Users/Freddie/Documents/ANU/2310/lab/week4/Semaphore/semaphore.gpr</vfs_project>
      <vfs_file >/Users/Freddie/Documents/ANU/2310/lab/week4/Semaphore/Sources/philos.adb</vfs_file>
    </file_marker>
    <file_marker column=" 1" line=" 1">
      <vfs_project >/Users/Freddie/Documents/ANU/2310/lab/week4/Semaphore/semaphore.gpr</vfs_project>
      <vfs_file >/Users/Freddie/Documents/ANU/2310/lab/week4/Semaphore/Sources/Id_Dispenser.adb</vfs_file>
    </file_marker>
    <file_marker column=" 1" line=" 7">
      <vfs_project >/Users/Freddie/Documents/ANU/2310/lab/week4/Semaphore/semaphore.gpr</vfs_project>
      <vfs_file >/Users/Freddie/Documents/ANU/2310/lab/week4/Semaphore/Sources/Id_Dispenser.ads</vfs_file>
    </file_marker>
    <file_marker column=" 1" line=" 1">
      <vfs_project >/Users/Freddie/Documents/ANU/2310/lab/week4/Semaphore/semaphore.gpr</vfs_project>
      <vfs_file >/Users/Freddie/Documents/ANU/2310/lab/week4/Semaphore/Sources/Id_Dispenser.adb</vfs_file>
    </file_marker>
    <file_marker column=" 1" line=" 1">
      <vfs_project >/Users/Freddie/Documents/ANU/2310/lab/week4/Semaphore/semaphore.gpr</vfs_project>
      <vfs_file >/Users/Freddie/Documents/ANU/2310/lab/week4/Semaphore/Sources/Id_Dispenser.adb</vfs_file>
    </file_marker>
    <file_marker column=" 1" line=" 7">
      <vfs_project >/Users/Freddie/Documents/ANU/2310/lab/week4/Semaphore/semaphore.gpr</vfs_project>
      <vfs_file >/Users/Freddie/Documents/ANU/2310/lab/week4/Semaphore/Sources/Id_Dispenser.ads</vfs_file>
    </file_marker>
    <file_marker column=" 1" line=" 1">
      <vfs_project >/Users/Freddie/Documents/ANU/2310/lab/week4/Semaphore/semaphore.gpr</vfs_project>
      <vfs_file >/Users/Freddie/Documents/ANU/2310/lab/week4/Semaphore/Sources/Id_Dispenser.adb</vfs_file>
    </file_marker>
    <file_marker column=" 1" line=" 7">
      <vfs_project >/Users/Freddie/Documents/ANU/2310/lab/week4/Semaphore/semaphore.gpr</vfs_project>
      <vfs_file >/Users/Freddie/Documents/ANU/2310/lab/week4/Semaphore/Sources/Id_Dispenser.ads</vfs_file>
    </file_marker>
    <file_marker column=" 1" line=" 1">
      <vfs_project >/Users/Freddie/Documents/ANU/2310/lab/week4/Semaphore/semaphore.gpr</vfs_project>
      <vfs_file >/Users/Freddie/Documents/ANU/2310/lab/week4/Semaphore/Sources/Id_Dispenser.adb</vfs_file>
    </file_marker>
    <file_marker column=" 1" line=" 7">
      <vfs_project >/Users/Freddie/Documents/ANU/2310/lab/week4/Semaphore/semaphore.gpr</vfs_project>
      <vfs_file >/Users/Freddie/Documents/ANU/2310/lab/week4/Semaphore/Sources/Id_Dispenser.ads</vfs_file>
    </file_marker>
    <file_marker column=" 1" line=" 1">
      <vfs_project >/Users/Freddie/Documents/ANU/2310/lab/week4/Semaphore/semaphore.gpr</vfs_project>
      <vfs_file >/Users/Freddie/Documents/ANU/2310/lab/week4/Semaphore/Sources/Id_Dispenser.adb</vfs_file>
    </file_marker>
    <file_marker column=" 1" line=" 13">
      <vfs_project >/Users/Freddie/Documents/ANU/2310/lab/week4/Semaphore/semaphore.gpr</vfs_project>
      <vfs_file >/Users/Freddie/Documents/ANU/2310/lab/week4/Semaphore/Sources/Id_Dispenser.adb</vfs_file>
    </file_marker>
    <file_marker column=" 7" line=" 20">
      <vfs_project >/Users/Freddie/Documents/ANU/2310/lab/week4/Semaphore/semaphore.gpr</vfs_project>
      <vfs_file >/Users/Freddie/Documents/ANU/2310/lab/week4/Semaphore/Sources/philos.adb</vfs_file>
    </file_marker>
    <file_marker column=" 1" line=" 1">
      <vfs_project >/Users/Freddie/Documents/ANU/2310/lab/week4/Semaphore/semaphore.gpr</vfs_project>
      <vfs_file >/Users/Freddie/Documents/ANU/2310/lab/week4/Semaphore/Sources/Id_Dispenser.adb</vfs_file>
    </file_marker>
    <file_marker column=" 18" line=" 16">
      <vfs_project >/Users/Freddie/Documents/ANU/2310/lab/week4/Semaphore/semaphore.gpr</vfs_project>
      <vfs_file >/Users/Freddie/Documents/ANU/2310/lab/week4/Semaphore/Sources/Id_Dispenser.adb</vfs_file>
    </file_marker>
    <file_marker column=" 7" line=" 20">
      <vfs_project >/Users/Freddie/Documents/ANU/2310/lab/week4/Semaphore/semaphore.gpr</vfs_project>
      <vfs_file >/Users/Freddie/Documents/ANU/2310/lab/week4/Semaphore/Sources/philos.adb</vfs_file>
    </file_marker>
    <file_marker column=" 1" line=" 1">
      <vfs_project >/Users/Freddie/Documents/ANU/2310/lab/week4/Semaphore/semaphore.gpr</vfs_project>
      <vfs_file >/Users/Freddie/Documents/ANU/2310/lab/week4/Semaphore/Sources/Id_Dispenser.adb</vfs_file>
    </file_marker>
    <file_marker column=" 1" line=" 9">
      <vfs_project >/Users/Freddie/Documents/ANU/2310/lab/week4/Semaphore/semaphore.gpr</vfs_project>
      <vfs_file >/Users/Freddie/Documents/ANU/2310/lab/week4/Semaphore/Sources/Id_Dispenser.ads</vfs_file>
    </file_marker>
    <file_marker column=" 1" line=" 1">
      <vfs_project >/Users/Freddie/Documents/ANU/2310/lab/week4/Semaphore/semaphore.gpr</vfs_project>
      <vfs_file >/Users/Freddie/Documents/ANU/2310/lab/week4/Semaphore/Sources/Id_Dispenser.adb</vfs_file>
    </file_marker>
    <file_marker column=" 1" line=" 9">
      <vfs_project >/Users/Freddie/Documents/ANU/2310/lab/week4/Semaphore/semaphore.gpr</vfs_project>
      <vfs_file >/Users/Freddie/Documents/ANU/2310/lab/week4/Semaphore/Sources/Id_Dispenser.ads</vfs_file>
    </file_marker>
    <file_marker column=" 1" line=" 1">
      <vfs_project >/Users/Freddie/Documents/ANU/2310/lab/week4/Semaphore/semaphore.gpr</vfs_project>
      <vfs_file >/Users/Freddie/Documents/ANU/2310/lab/week4/Semaphore/Sources/Id_Dispenser.adb</vfs_file>
    </file_marker>
    <file_marker column=" 1" line=" 1">
      <vfs_project >/Users/Freddie/Documents/ANU/2310/lab/week4/Semaphore/semaphore.gpr</vfs_project>
      <vfs_file >/Users/Freddie/Documents/ANU/2310/lab/week4/Semaphore/Sources/Id_Dispenser.adb</vfs_file>
    </file_marker>
    <file_marker column=" 1" line=" 1">
      <vfs_project >/Users/Freddie/Documents/ANU/2310/lab/week4/Semaphore/semaphore.gpr</vfs_project>
      <vfs_file >/Users/Freddie/Documents/ANU/2310/lab/week4/Semaphore/Sources/Id_Dispenser.adb</vfs_file>
    </file_marker>
    <file_marker column=" 1" line=" 1">
      <vfs_project >/Users/Freddie/Documents/ANU/2310/lab/week4/Semaphore/semaphore.gpr</vfs_project>
      <vfs_file >/Users/Freddie/Documents/ANU/2310/lab/week4/Semaphore/Sources/Id_Dispenser.adb</vfs_file>
    </file_marker>
    <file_marker column=" 18" line=" 14">
      <vfs_project >/Users/Freddie/Documents/ANU/2310/lab/week4/Semaphore/semaphore.gpr</vfs_project>
      <vfs_file >/Users/Freddie/Documents/ANU/2310/lab/week4/Semaphore/Sources/Id_Dispenser.adb</vfs_file>
    </file_marker>
    <file_marker column=" 7" line=" 20">
      <vfs_project >/Users/Freddie/Documents/ANU/2310/lab/week4/Semaphore/semaphore.gpr</vfs_project>
      <vfs_file >/Users/Freddie/Documents/ANU/2310/lab/week4/Semaphore/Sources/philos.adb</vfs_file>
    </file_marker>
    <file_marker column=" 1" line=" 1">
      <vfs_project >/Users/Freddie/Documents/ANU/2310/lab/week4/Semaphore/semaphore.gpr</vfs_project>
      <vfs_file >/Users/Freddie/Documents/ANU/2310/lab/week4/Semaphore/Sources/Id_Dispenser.adb</vfs_file>
    </file_marker>
    <file_marker column=" 18" line=" 16">
      <vfs_project >/Users/Freddie/Documents/ANU/2310/lab/week4/Semaphore/semaphore.gpr</vfs_project>
      <vfs_file >/Users/Freddie/Documents/ANU/2310/lab/week4/Semaphore/Sources/Id_Dispenser.adb</vfs_file>
    </file_marker>
    <file_marker column=" 7" line=" 20">
      <vfs_project >/Users/Freddie/Documents/ANU/2310/lab/week4/Semaphore/semaphore.gpr</vfs_project>
      <vfs_file >/Users/Freddie/Documents/ANU/2310/lab/week4/Semaphore/Sources/philos.adb</vfs_file>
    </file_marker>
    <file_marker column=" 1" line=" 1">
      <vfs_project >/Users/Freddie/Documents/ANU/2310/lab/week4/Semaphore/semaphore.gpr</vfs_project>
      <vfs_file >/Users/Freddie/Documents/ANU/2310/lab/week4/Semaphore/Sources/Id_Dispenser.adb</vfs_file>
    </file_marker>
    <file_marker column=" 1" line=" 14">
      <vfs_project >/Users/Freddie/Documents/ANU/2310/lab/week4/Semaphore/semaphore.gpr</vfs_project>
      <vfs_file >/Users/Freddie/Documents/ANU/2310/lab/week4/Semaphore/Sources/Id_Dispenser.ads</vfs_file>
    </file_marker>
    <file_marker column=" 32" line=" 24">
      <vfs_project >/Users/Freddie/Documents/ANU/2310/lab/week4/Semaphore/semaphore.gpr</vfs_project>
      <vfs_file >/Users/Freddie/Documents/ANU/2310/lab/week4/Semaphore/Sources/philos.adb</vfs_file>
    </file_marker>
    <file_marker column=" 1" line=" 1">
      <vfs_project >/Users/Freddie/Documents/ANU/2310/lab/week4/Semaphore/semaphore.gpr</vfs_project>
      <vfs_file >/Users/Freddie/Documents/ANU/2310/lab/week4/Semaphore/Sources/Id_Dispenser.adb</vfs_file>
    </file_marker>
    <file_marker column=" 1" line=" 9">
      <vfs_project >/Users/Freddie/Documents/ANU/2310/lab/week4/Semaphore/semaphore.gpr</vfs_project>
      <vfs_file >/Users/Freddie/Documents/ANU/2310/lab/week4/Semaphore/Sources/Id_Dispenser.ads</vfs_file>
    </file_marker>
    <file_marker column=" 1" line=" 1">
      <vfs_project >/Users/Freddie/Documents/ANU/2310/lab/week4/Semaphore/semaphore.gpr</vfs_project>
      <vfs_file >/Users/Freddie/Documents/ANU/2310/lab/week4/Semaphore/Sources/Id_Dispenser.adb</vfs_file>
    </file_marker>
    <file_marker column=" 32" line=" 24">
      <vfs_project >/Users/Freddie/Documents/ANU/2310/lab/week4/Semaphore/semaphore.gpr</vfs_project>
      <vfs_file >/Users/Freddie/Documents/ANU/2310/lab/week4/Semaphore/Sources/philos.adb</vfs_file>
    </file_marker>
    <file_marker column=" 1" line=" 1">
      <vfs_project >/Users/Freddie/Documents/ANU/2310/lab/week4/Semaphore/semaphore.gpr</vfs_project>
      <vfs_file >/Users/Freddie/Documents/ANU/2310/lab/week4/Semaphore/Sources/Id_Dispenser.adb</vfs_file>
    </file_marker>
    <file_marker column=" 1" line=" 7">
      <vfs_project >/Users/Freddie/Documents/ANU/2310/lab/week4/Semaphore/semaphore.gpr</vfs_project>
      <vfs_file >/Users/Freddie/Documents/ANU/2310/lab/week4/Semaphore/Sources/Id_Dispenser.ads</vfs_file>
    </file_marker>
    <file_marker column=" 1" line=" 3">
      <vfs_project >/Users/Freddie/Documents/ANU/2310/lab/week4/Semaphore/semaphore.gpr</vfs_project>
      <vfs_file >/Users/Freddie/Documents/ANU/2310/lab/week4/Semaphore/Sources/Id_Dispenser.ads</vfs_file>
    </file_marker>
    <file_marker column=" 1" line=" 1">
      <vfs_project >/Users/Freddie/Documents/ANU/2310/lab/week4/Semaphore/semaphore.gpr</vfs_project>
      <vfs_file >/Users/Freddie/Documents/ANU/2310/lab/week4/Semaphore/Sources/Id_Dispenser.adb</vfs_file>
    </file_marker>
    <file_marker column=" 1" line=" 3">
      <vfs_project >/Users/Freddie/Documents/ANU/2310/lab/week4/Semaphore/semaphore.gpr</vfs_project>
      <vfs_file >/Users/Freddie/Documents/ANU/2310/lab/week4/Semaphore/Sources/Id_Dispenser.ads</vfs_file>
    </file_marker>
    <file_marker column=" 1" line=" 7">
      <vfs_project >/Users/Freddie/Documents/ANU/2310/lab/week4/Semaphore/semaphore.gpr</vfs_project>
      <vfs_file >/Users/Freddie/Documents/ANU/2310/lab/week4/Semaphore/Sources/Id_Dispenser.ads</vfs_file>
    </file_marker>
    <file_marker column=" 1" line=" 1">
      <vfs_project >/Users/Freddie/Documents/ANU/2310/lab/week4/Semaphore/semaphore.gpr</vfs_project>
      <vfs_file >/Users/Freddie/Documents/ANU/2310/lab/week4/Semaphore/Sources/Id_Dispenser.adb</vfs_file>
    </file_marker>
    <file_marker column=" 1" line=" 7">
      <vfs_project >/Users/Freddie/Documents/ANU/2310/lab/week4/Semaphore/semaphore.gpr</vfs_project>
      <vfs_file >/Users/Freddie/Documents/ANU/2310/lab/week4/Semaphore/Sources/Id_Dispenser.ads</vfs_file>
    </file_marker>
    <file_marker column=" 32" line=" 24">
      <vfs_project >/Users/Freddie/Documents/ANU/2310/lab/week4/Semaphore/semaphore.gpr</vfs_project>
      <vfs_file >/Users/Freddie/Documents/ANU/2310/lab/week4/Semaphore/Sources/philos.adb</vfs_file>
    </file_marker>
    <file_marker column=" 1" line=" 1">
      <vfs_project >/Users/Freddie/Documents/ANU/2310/lab/week4/Semaphore/semaphore.gpr</vfs_project>
      <vfs_file >/Users/Freddie/Documents/ANU/2310/lab/week4/Semaphore/Sources/Id_Dispenser.adb</vfs_file>
    </file_marker>
    <file_marker column=" 1" line=" 3">
      <vfs_project >/Users/Freddie/Documents/ANU/2310/lab/week4/Semaphore/semaphore.gpr</vfs_project>
      <vfs_file >/Users/Freddie/Documents/ANU/2310/lab/week4/Semaphore/Sources/Id_Dispenser.ads</vfs_file>
    </file_marker>
    <file_marker column=" 1" line=" 7">
      <vfs_project >/Users/Freddie/Documents/ANU/2310/lab/week4/Semaphore/semaphore.gpr</vfs_project>
      <vfs_file >/Users/Freddie/Documents/ANU/2310/lab/week4/Semaphore/Sources/Id_Dispenser.ads</vfs_file>
    </file_marker>
    <file_marker column=" 1" line=" 1">
      <vfs_project >/Users/Freddie/Documents/ANU/2310/lab/week4/Semaphore/semaphore.gpr</vfs_project>
      <vfs_file >/Users/Freddie/Documents/ANU/2310/lab/week4/Semaphore/Sources/Id_Dispenser.adb</vfs_file>
    </file_marker>
    <file_marker column=" 1" line=" 1">
      <vfs_project >/Users/Freddie/Documents/ANU/2310/lab/week4/Semaphore/semaphore.gpr</vfs_project>
      <vfs_file >/Users/Freddie/Documents/ANU/2310/lab/week4/Semaphore/Sources/Id_Dispenser.adb</vfs_file>
    </file_marker>
    <file_marker column=" 1" line=" 8">
      <vfs_project >/Users/Freddie/Documents/ANU/2310/lab/week4/Semaphore/semaphore.gpr</vfs_project>
      <vfs_file >/Users/Freddie/Documents/ANU/2310/lab/week4/Semaphore/Sources/Id_Dispenser.adb</vfs_file>
    </file_marker>
    <file_marker column=" 1" line=" 3">
      <vfs_project >/Users/Freddie/Documents/ANU/2310/lab/week4/Semaphore/semaphore.gpr</vfs_project>
      <vfs_file >/Users/Freddie/Documents/ANU/2310/lab/week4/Semaphore/Sources/Id_Dispenser.adb</vfs_file>
    </file_marker>
    <file_marker column=" 1" line=" 15">
      <vfs_project >/Users/Freddie/Documents/ANU/2310/lab/week4/Semaphore/semaphore.gpr</vfs_project>
      <vfs_file >/Users/Freddie/Documents/ANU/2310/lab/week4/Semaphore/Sources/Id_Dispenser.adb</vfs_file>
    </file_marker>
    <file_marker column=" 1" line=" 13">
      <vfs_project >/Users/Freddie/Documents/ANU/2310/lab/week4/Semaphore/semaphore.gpr</vfs_project>
      <vfs_file >/Users/Freddie/Documents/ANU/2310/lab/week4/Semaphore/Sources/Id_Dispenser.adb</vfs_file>
    </file_marker>
    <file_marker column=" 7" line=" 12">
      <vfs_project >/Users/Freddie/Documents/ANU/2310/lab/week4/Semaphore/semaphore.gpr</vfs_project>
      <vfs_file >/Users/Freddie/Documents/ANU/2310/lab/week4/Semaphore/Sources/Id_Dispenser.adb</vfs_file>
    </file_marker>
    <file_marker column=" 1" line=" 12">
      <vfs_project >/Users/Freddie/Documents/ANU/2310/lab/week4/Semaphore/semaphore.gpr</vfs_project>
      <vfs_file >/Users/Freddie/Documents/ANU/2310/lab/week4/Semaphore/Sources/Id_Dispenser.adb</vfs_file>
    </file_marker>
    <file_marker column=" 1" line=" 10">
      <vfs_project >/Users/Freddie/Documents/ANU/2310/lab/week4/Semaphore/semaphore.gpr</vfs_project>
      <vfs_file >/Users/Freddie/Documents/ANU/2310/lab/week4/Semaphore/Sources/Id_Dispenser.adb</vfs_file>
    </file_marker>
    <file_marker column=" 1" line=" 10">
      <vfs_project >/Users/Freddie/Documents/ANU/2310/lab/week4/Semaphore/semaphore.gpr</vfs_project>
      <vfs_file >/Users/Freddie/Documents/ANU/2310/lab/week4/Semaphore/Sources/Id_Dispenser.adb</vfs_file>
    </file_marker>
    <file_marker column=" 1" line=" 9">
      <vfs_project >/Users/Freddie/Documents/ANU/2310/lab/week4/Semaphore/semaphore.gpr</vfs_project>
      <vfs_file >/Users/Freddie/Documents/ANU/2310/lab/week4/Semaphore/Sources/Id_Dispenser.adb</vfs_file>
    </file_marker>
    <file_marker column=" 1" line=" 8">
      <vfs_project >/Users/Freddie/Documents/ANU/2310/lab/week4/Semaphore/semaphore.gpr</vfs_project>
      <vfs_file >/Users/Freddie/Documents/ANU/2310/lab/week4/Semaphore/Sources/Id_Dispenser.adb</vfs_file>
    </file_marker>
    <file_marker column=" 24" line=" 6">
      <vfs_project >/Users/Freddie/Documents/ANU/2310/lab/week4/Semaphore/semaphore.gpr</vfs_project>
      <vfs_file >/Users/Freddie/Documents/ANU/2310/lab/week4/Semaphore/Sources/Id_Dispenser.adb</vfs_file>
    </file_marker>
    <file_marker column=" 1" line=" 5">
      <vfs_project >/Users/Freddie/Documents/ANU/2310/lab/week4/Semaphore/semaphore.gpr</vfs_project>
      <vfs_file >/Users/Freddie/Documents/ANU/2310/lab/week4/Semaphore/Sources/Id_Dispenser.adb</vfs_file>
    </file_marker>
    <file_marker column=" 31" line=" 4">
      <vfs_project >/Users/Freddie/Documents/ANU/2310/lab/week4/Semaphore/semaphore.gpr</vfs_project>
      <vfs_file >/Users/Freddie/Documents/ANU/2310/lab/week4/Semaphore/Sources/Id_Dispenser.adb</vfs_file>
    </file_marker>
    <file_marker column=" 1" line=" 3">
      <vfs_project >/Users/Freddie/Documents/ANU/2310/lab/week4/Semaphore/semaphore.gpr</vfs_project>
      <vfs_file >/Users/Freddie/Documents/ANU/2310/lab/week4/Semaphore/Sources/Id_Dispenser.adb</vfs_file>
    </file_marker>
    <file_marker column=" 18" line=" 16">
      <vfs_project >/Users/Freddie/Documents/ANU/2310/lab/week4/Semaphore/semaphore.gpr</vfs_project>
      <vfs_file >/Users/Freddie/Documents/ANU/2310/lab/week4/Semaphore/Sources/Id_Dispenser.adb</vfs_file>
    </file_marker>
    <file_marker column=" 1" line=" 8">
      <vfs_project >/Users/Freddie/Documents/ANU/2310/lab/week4/Semaphore/semaphore.gpr</vfs_project>
      <vfs_file >/Users/Freddie/Documents/ANU/2310/lab/week4/Semaphore/Sources/Id_Dispenser.adb</vfs_file>
    </file_marker>
    <file_marker column=" 1" line=" 10">
      <vfs_project >/Users/Freddie/Documents/ANU/2310/lab/week4/Semaphore/semaphore.gpr</vfs_project>
      <vfs_file >/Users/Freddie/Documents/ANU/2310/lab/week4/Semaphore/Sources/Id_Dispenser.adb</vfs_file>
    </file_marker>
    <file_marker column=" 1" line=" 16">
      <vfs_project >/Users/Freddie/Documents/ANU/2310/lab/week4/Semaphore/semaphore.gpr</vfs_project>
      <vfs_file >/Users/Freddie/Documents/ANU/2310/lab/week4/Semaphore/Sources/Id_Dispenser.ads</vfs_file>
    </file_marker>
    <file_marker column=" 1" line=" 1">
      <vfs_project >/Users/Freddie/Documents/ANU/2310/lab/week4/Semaphore/semaphore.gpr</vfs_project>
      <vfs_file >/Users/Freddie/Documents/ANU/2310/lab/week4/Semaphore/Sources/Id_Dispenser.ads</vfs_file>
    </file_marker>
    <file_marker column=" 8" line=" 2">
      <vfs_project >/Users/Freddie/Documents/ANU/2310/lab/week4/Semaphore/semaphore.gpr</vfs_project>
      <vfs_file >/Users/Freddie/Documents/ANU/2310/lab/week4/Semaphore/Sources/Id_Dispenser.ads</vfs_file>
    </file_marker>
    <file_marker column=" 1" line=" 6">
      <vfs_project >/Users/Freddie/Documents/ANU/2310/lab/week4/Semaphore/semaphore.gpr</vfs_project>
      <vfs_file >/Users/Freddie/Documents/ANU/2310/lab/week4/Semaphore/Sources/Id_Dispenser.ads</vfs_file>
    </file_marker>
    <file_marker column=" 1" line=" 15">
      <vfs_project >/Users/Freddie/Documents/ANU/2310/lab/week4/Semaphore/semaphore.gpr</vfs_project>
      <vfs_file >/Users/Freddie/Documents/ANU/2310/lab/week4/Semaphore/Sources/Id_Dispenser.ads</vfs_file>
    </file_marker>
    <file_marker column=" 1" line=" 8">
      <vfs_project >/Users/Freddie/Documents/ANU/2310/lab/week4/Semaphore/semaphore.gpr</vfs_project>
      <vfs_file >/Users/Freddie/Documents/ANU/2310/lab/week4/Semaphore/Sources/Id_Dispenser.ads</vfs_file>
    </file_marker>
    <file_marker column=" 27" line=" 20">
      <vfs_project >/Users/Freddie/Documents/ANU/2310/lab/week4/Semaphore/semaphore.gpr</vfs_project>
      <vfs_file >/Users/Freddie/Documents/ANU/2310/lab/week4/Semaphore/Sources/philos.adb</vfs_file>
    </file_marker>
    <file_marker column=" 7" line=" 8">
      <vfs_project >/Users/Freddie/Documents/ANU/2310/lab/week4/Semaphore/semaphore.gpr</vfs_project>
      <vfs_file >/Users/Freddie/Documents/ANU/2310/lab/week4/Semaphore/Sources/Semaphores.adb</vfs_file>
    </file_marker>
    <file_marker column=" 7" line=" 13">
      <vfs_project >/Users/Freddie/Documents/ANU/2310/lab/week4/Semaphore/semaphore.gpr</vfs_project>
      <vfs_file >/Users/Freddie/Documents/ANU/2310/lab/week4/Semaphore/Sources/Semaphores.adb</vfs_file>
    </file_marker>
    <file_marker column=" 1" line=" 16">
      <vfs_project >/Users/Freddie/Documents/ANU/2310/lab/week4/Semaphore/semaphore.gpr</vfs_project>
      <vfs_file >/Users/Freddie/Documents/ANU/2310/lab/week4/Semaphore/Sources/Semaphores.adb</vfs_file>
    </file_marker>
    <file_marker column=" 1" line=" 17">
      <vfs_project >/Users/Freddie/Documents/ANU/2310/lab/week4/Semaphore/semaphore.gpr</vfs_project>
      <vfs_file >/Users/Freddie/Documents/ANU/2310/lab/week4/Semaphore/Sources/Semaphores.adb</vfs_file>
    </file_marker>
    <file_marker column=" 1" line=" 17">
      <vfs_project >/Users/Freddie/Documents/ANU/2310/lab/week4/Semaphore/semaphore.gpr</vfs_project>
      <vfs_file >/Users/Freddie/Documents/ANU/2310/lab/week4/Semaphore/Sources/Semaphores.adb</vfs_file>
    </file_marker>
    <file_marker column=" 1" line=" 17">
      <vfs_project >/Users/Freddie/Documents/ANU/2310/lab/week4/Semaphore/semaphore.gpr</vfs_project>
      <vfs_file >/Users/Freddie/Documents/ANU/2310/lab/week4/Semaphore/Sources/Semaphores.adb</vfs_file>
    </file_marker>
    <file_marker column=" 1" line=" 16">
      <vfs_project >/Users/Freddie/Documents/ANU/2310/lab/week4/Semaphore/semaphore.gpr</vfs_project>
      <vfs_file >/Users/Freddie/Documents/ANU/2310/lab/week4/Semaphore/Sources/Semaphores.adb</vfs_file>
    </file_marker>
    <file_marker column=" 1" line=" 1">
      <vfs_project >/Users/Freddie/Documents/ANU/2310/lab/week4/Semaphore/semaphore.gpr</vfs_project>
      <vfs_file >/Users/Freddie/Documents/ANU/2310/lab/week4/Semaphore/Sources/Id_Dispenser.adb</vfs_file>
    </file_marker>
    <file_marker column=" 14" line=" 2">
      <vfs_project >/Users/Freddie/Documents/ANU/2310/lab/week4/Semaphore/semaphore.gpr</vfs_project>
      <vfs_file >/Users/Freddie/Documents/ANU/2310/lab/week4/Semaphore/Sources/Id_Dispenser.adb</vfs_file>
    </file_marker>
    <file_marker column=" 1" line=" 24">
      <vfs_project >/Users/Freddie/Documents/ANU/2310/lab/week4/Semaphore/semaphore.gpr</vfs_project>
      <vfs_file >/Users/Freddie/Documents/ANU/2310/lab/week4/Semaphore/Sources/philos.adb</vfs_file>
    </file_marker>
    <file_marker column=" 20" line=" 3">
      <vfs_project >/Users/Freddie/Documents/ANU/2310/lab/week4/Semaphore/semaphore.gpr</vfs_project>
      <vfs_file >/Users/Freddie/Documents/ANU/2310/lab/week4/Semaphore/Sources/Id_Dispenser.ads</vfs_file>
    </file_marker>
    <file_marker current="true" column=" 1" line=" 12">
      <vfs_project >/Users/Freddie/Documents/ANU/2310/lab/week4/Semaphore/semaphore.gpr</vfs_project>
      <vfs_file >/Users/Freddie/Documents/ANU/2310/lab/week4/Semaphore/Sources/Id_Dispenser.ads</vfs_file>
    </file_marker>
  </Project>
</Locations>
