<?xml version="1.0"?>
<Locations >
  <Project >
    <file_marker column=" 28" line=" 116" >
      <vfs_project>/Users/Freddie/Documents/ANU/2310/lab/week10/Ring_Node/ring_node.gpr</vfs_project>
      <vfs_file>/Users/Freddie/Documents/ANU/2310/lab/week10/Ring_Node/Sources/ring_node.adb</vfs_file>
    </file_marker>
    <file_marker current="true" column=" 1" line=" 1" >
      <vfs_project>/Users/Freddie/Documents/ANU/2310/lab/week10/Ring_Node/ring_node.gpr</vfs_project>
      <vfs_file>/Users/Freddie/Documents/ANU/2310/lab/week10/Ring_Node/Sources/neat_sockets.ads</vfs_file>
    </file_marker>
  </Project>
  <Project >
    <file_marker column=" 1" line=" 1">
      <vfs_project >/Users/Freddie/Documents/ANU/2310/lab/week10/Ring_Node/ring_node.gpr</vfs_project>
      <vfs_file >/Users/Freddie/Documents/ANU/2310/lab/week10/Ring_Node/Sources/ring_node.adb</vfs_file>
    </file_marker>
    <file_marker column=" 1" line=" 1">
      <vfs_project >/Users/Freddie/Documents/ANU/2310/lab/week10/Ring_Node/ring_node.gpr</vfs_project>
      <vfs_file >/Users/Freddie/Documents/ANU/2310/lab/week10/Ring_Node/Sources/neat_sockets.ads</vfs_file>
    </file_marker>
    <file_marker column=" 1" line=" 1">
      <vfs_project >/Users/Freddie/Documents/ANU/2310/lab/week10/Ring_Node/ring_node.gpr</vfs_project>
      <vfs_file >/Users/Freddie/Documents/ANU/2310/lab/week10/Ring_Node/Sources/neat_sockets.adb</vfs_file>
    </file_marker>
    <file_marker column=" 1" line=" 1">
      <vfs_project >/Users/Freddie/Documents/ANU/2310/lab/week10/Ring_Node/ring_node.gpr</vfs_project>
      <vfs_file >/Users/Freddie/Documents/ANU/2310/lab/week10/Ring_Node/Sources/ring_node.adb</vfs_file>
    </file_marker>
    <file_marker column=" 1" line=" 127">
      <vfs_project >/Users/Freddie/Documents/ANU/2310/lab/week10/Ring_Node/ring_node.gpr</vfs_project>
      <vfs_file >/Users/Freddie/Documents/ANU/2310/lab/week10/Ring_Node/Sources/ring_node.adb</vfs_file>
    </file_marker>
    <file_marker column=" 34" line=" 108">
      <vfs_project >/Users/Freddie/Documents/ANU/2310/lab/week10/Ring_Node/ring_node.gpr</vfs_project>
      <vfs_file >/Users/Freddie/Documents/ANU/2310/lab/week10/Ring_Node/Sources/ring_node.adb</vfs_file>
    </file_marker>
    <file_marker current="true" column=" 10" line=" 105">
      <vfs_project >/Users/Freddie/Documents/ANU/2310/lab/week10/Ring_Node/ring_node.gpr</vfs_project>
      <vfs_file >/Users/Freddie/Documents/ANU/2310/lab/week10/Ring_Node/Sources/ring_node.adb</vfs_file>
    </file_marker>
  </Project>
</Locations>
